{
  "cosine_mean": {
    "top_p": {
      "0.1": {
        "precision": 0.2
      },
      "0.2": {
        "precision": 0.36363636363636365
      },
      "0.30000000000000004": {
        "precision": 0.5294117647058824
      },
      "0.4": {
        "precision": 0.5454545454545454
      },
      "0.5": {
        "precision": 0.5357142857142857
      },
      "0.6000000000000001": {
        "precision": 0.5
      },
      "0.7000000000000001": {
        "precision": 0.55
      },
      "0.8": {
        "precision": 0.5217391304347826
      },
      "0.9": {
        "precision": 0.5
      }
    },
    "top_k": {
      "10": {
        "precision": 0.36363636363636365
      },
      "20": {
        "precision": 0.5238095238095238
      },
      "30": {
        "precision": 0.5161290322580645
      },
      "40": {
        "precision": 0.5365853658536586
      },
      "50": {
        "precision": 0.49019607843137253
      }
    },
    "eps": {
      "0.1": {
        "precision": NaN
      },
      "0.05": {
        "precision": NaN
      },
      "0.02": {
        "precision": NaN
      },
      "0.01": {
        "precision": 0.5
      },
      "0.001": {
        "precision": 0.5
      }
    }
  },
  "cosine_max": {
    "top_p": {
      "0.1": {
        "precision": 0.6
      },
      "0.2": {
        "precision": 0.5454545454545454
      },
      "0.30000000000000004": {
        "precision": 0.5294117647058824
      },
      "0.4": {
        "precision": 0.5217391304347826
      },
      "0.5": {
        "precision": 0.5
      },
      "0.6000000000000001": {
        "precision": 0.5
      },
      "0.7000000000000001": {
        "precision": 0.45
      },
      "0.8": {
        "precision": 0.41304347826086957
      },
      "0.9": {
        "precision": 0.46153846153846156
      }
    },
    "top_k": {
      "10": {
        "precision": 0.5454545454545454
      },
      "20": {
        "precision": 0.5238095238095238
      },
      "30": {
        "precision": 0.5161290322580645
      },
      "40": {
        "precision": 0.43902439024390244
      },
      "50": {
        "precision": 0.45098039215686275
      }
    },
    "eps": {
      "0.1": {
        "precision": NaN
      },
      "0.05": {
        "precision": NaN
      },
      "0.02": {
        "precision": NaN
      },
      "0.01": {
        "precision": 0.5
      },
      "0.001": {
        "precision": 0.5
      }
    }
  },
  "cosine_sent": {
    "top_p": {
      "0.1": {
        "precision": 0.16666666666666666
      },
      "0.2": {
        "precision": 0.45454545454545453
      },
      "0.30000000000000004": {
        "precision": 0.4375
      },
      "0.4": {
        "precision": 0.45454545454545453
      },
      "0.5": {
        "precision": 0.5
      },
      "0.6000000000000001": {
        "precision": 0.5151515151515151
      },
      "0.7000000000000001": {
        "precision": 0.5
      },
      "0.8": {
        "precision": 0.5434782608695652
      },
      "0.9": {
        "precision": 0.5192307692307693
      }
    },
    "top_k": {
      "10": {
        "precision": 0.45454545454545453
      },
      "20": {
        "precision": 0.42857142857142855
      },
      "30": {
        "precision": 0.5161290322580645
      },
      "40": {
        "precision": 0.4878048780487805
      },
      "50": {
        "precision": 0.5294117647058824
      }
    },
    "eps": {
      "0.1": {
        "precision": NaN
      },
      "0.05": {
        "precision": NaN
      },
      "0.02": {
        "precision": 0.6666666666666666
      },
      "0.01": {
        "precision": 0.5
      },
      "0.001": {
        "precision": 0.5
      }
    }
  }
}